{"theta0": 6457.631970051904, "theta1": -563.3922112809825, "min_mileage": 22899.0, "max_mileage": 240000.0}